{
  "navigationBarTitleText": "",
  "navigationBarBackgroundColor": "#2684FF",
  "navigationBarTextStyle": "white",
  "onReachBottomDistance":50,
  "usingComponents": {
    "alertcell":"/components/alertcell/alertcell",
    "van-icon":"@vant/weapp/icon/index",
    "van-tag":"@vant/weapp/tag/index",
    "van-button": "@vant/weapp/button/index",
    "metaAlert":"/components/metaAlert/index",
    "van-sticky": "@vant/weapp/sticky/index",
    "gap": "/components/gap/gap",
    "empty": "/components/empty/index",
    "loading":"/components/loading/index",
    "btncheckbox":"/components/btncheckbox/btncheckbox",
    "btncheckboxmany":"/components/btncheckboxmany/btncheckboxmany",
    "itemcommon": "/components/itemcommon/itemcommon",
    "floatbtn": "/components/floatbtn/index",
    "searchinput":"/components/searchinput/searchinput",
    "van-dropdown-menu": "@vant/weapp/dropdown-menu/index",
    "van-dropdown-item": "@vant/weapp/dropdown-item/index",
    "van-tree-select": "@vant/weapp/tree-select/index"
  }
}
