{
  "navigationBarTitleText": "工作详情",
  "navigationBarBackgroundColor": "#2684FF",
  "navigationBarTextStyle": "white",
  "navigationStyle": "custom",
  "usingComponents": {
    "van-nav-bar": "@vant/weapp/nav-bar/index",
    "van-divider": "@vant/weapp/divider/index",
    "report":"/components/report/index",
    "closed":"/components/closed/index",
    "van-popup": "@vant/weapp/popup/index",
    "van-icon":"@vant/weapp/icon/index",
    "van-tag":"@vant/weapp/tag/index",
    "van-image": "@vant/weapp/image/index",
    "van-button": "@vant/weapp/button/index",
    "gap": "/components/gap/gap",
    "comdetail": "/components/comdetail/index",
    "van-dialog": "@vant/weapp/dialog/index"
  }
}