{
  "navigationBarTitleText": "",
  "navigationBarTextStyle": "white",
  "navigationStyle": "custom",
  "enablePullDownRefresh": true,
  "usingComponents": {
    "gap": "/components/gap/gap",
    "usermenu": "/components/usermenu/usermenu",
    "footlink":"/components/footlink/index",
    "van-cell-group": "@vant/weapp/cell-group/index",
    "van-cell": "@vant/weapp/cell/index",
    "van-nav-bar": "@vant/weapp/nav-bar/index",
    "van-image":"@vant/weapp/image/index",
    "van-popup": "@vant/weapp/popup/index",
    "van-icon":"@vant/weapp/icon/index",
    "van-radio": "@vant/weapp/radio/index",
    "van-radio-group": "@vant/weapp/radio-group/index",
    "van-datetime-picker": "@vant/weapp/datetime-picker/index",
    "van-button":"@vant/weapp/button/index"
  }
}