{
  "navigationBarTitleText": "",
  "navigationBarTextStyle": "white",
  "navigationStyle": "custom",
 
  "onReachBottomDistance":50,
  "usingComponents": {
    "van-icon":"@vant/weapp/icon/index",
    "van-nav-bar": "@vant/weapp/nav-bar/index",
    "gap": "/components/gap/gap",
    "metaAlert":"/components/metaAlert/index",
    "itemcommon": "/components/itemcommon/itemcommon",
    "itemworker": "/components/itemworker/itemworker",
    "swiper": "/components/swiper/swiper",
    "empty": "/components/empty/index",
    "loading":"/components/loading/index",
    "menus":"/components/menus/menus",
    "van-sticky": "@vant/weapp/sticky/index",
    "van-button": "@vant/weapp/button/index",
  
    "van-tree-select": "@vant/weapp/tree-select/index"
  }
}