{
  "navigationBarTitleText": "我的名片",
  "navigationBarTextStyle": "white",
  "navigationBarBackgroundColor": "#2684FF",
  "navigationStyle": "custom",
  "enablePullDownRefresh": true,
  "usingComponents": {
    "van-button": "@vant/weapp/button/index",
    "van-sticky": "@vant/weapp/sticky/index",
    "van-field": "@vant/weapp/field/index",
    "van-cell": "@vant/weapp/cell/index",
    "van-icon": "@vant/weapp/icon/index",
    "van-cell-group": "@vant/weapp/cell-group/index",
    "van-dialog": "@vant/weapp/dialog/index",
    "van-radio": "@vant/weapp/radio/index",
    "van-uploader": "@vant/weapp/uploader/index",
    "gap": "/components/gap/gap",
    "van-radio-group": "@vant/weapp/radio-group/index",
    "van-action-sheet": "@vant/weapp/action-sheet/index",
    "industry":"/components/industry/index",
    "metaAlert":"/components/metaAlert/index",
    "city":"/components/city/index",
    "van-nav-bar": "@vant/weapp/nav-bar/index"
  }
}