{
  "navigationBarTitleText": "招工人",
  "navigationBarTextStyle": "white",
  "navigationBarBackgroundColor": "#2684FF",
  "usingComponents": {
    "gap": "/components/gap/gap",
    "alertcell":"/components/alertcell/alertcell",
    "metaAlert":"/components/metaAlert/index",
    "van-button": "@vant/weapp/button/index",
    "empty": "/components/empty/index",
    "loading": "/components/loading/index",
    "floatbtn": "/components/floatbtn/index",
    "van-sticky": "@vant/weapp/sticky/index",
    "btncheckbox":"/components/btncheckbox/btncheckbox",
    "searchinput":"/components/searchinput/searchinput",
    "van-dropdown-menu": "@vant/weapp/dropdown-menu/index",
    "van-dropdown-item": "@vant/weapp/dropdown-item/index",
    "van-tree-select": "@vant/weapp/tree-select/index",
    "itemworker": "/components/itemworker/itemworker",
    "itemteam":"/components/itemteam/itemteam"
  }
}