{

  "usingComponents": {
    "van-radio": "@vant/weapp/radio/index",
    "van-button": "@vant/weapp/button/index",
    "van-radio-group": "@vant/weapp/radio-group/index",
    "van-popup": "@vant/weapp/popup/index",
    "van-cell": "@vant/weapp/cell/index",
    "van-field": "@vant/weapp/field/index",
    "van-nav-bar": "@vant/weapp/nav-bar/index",
    "van-area":"@vant/weapp/area/index",
    "empty": "/components/empty/index",
    "van-dialog": "@vant/weapp/dialog/index",
    "van-icon":"@vant/weapp/icon/index"
  },
  "navigationStyle": "custom",
  "navigationBarTitleText": ""
}