{  "navigationBarTitleText": "积分商城",
  "navigationBarTextStyle": "white",
  "onReachBottomDistance": 50,
  "enablePullDownRefresh": true,
  "usingComponents": {
    "van-dialog": "@vant/weapp/dialog/index",
    
    "van-popup": "@vant/weapp/popup/index",
    "van-image":"@vant/weapp/image/index",
    "empty":"/components/empty/index",
    "loading":"/components/loading/index",
    "van-sticky": "@vant/weapp/sticky/index",
    "van-button":"@vant/weapp/button/index",
    "van-icon":"@vant/weapp/icon/index",
    "swiper": "/components/swiper/swiper",
    "gap": "/components/gap/gap"
  }
}