{
  "navigationStyle": "custom",
  "usingComponents": {
    "van-popup": "@vant/weapp/popup/index",
    "van-cell-group": "@vant/weapp/cell-group/index",
    "metaAlert":"/components/metaAlert/index",
    "gap":"/components/gap/gap",
    "van-area": "@vant/weapp/area/index",
    "van-button": "@vant/weapp/button/index",
    "van-sticky": "@vant/weapp/sticky/index",
    "van-cell": "@vant/weapp/cell/index",
    "van-icon": "@vant/weapp/icon/index",
    "van-nav-bar":"@vant/weapp/nav-bar/index",
    "van-field":"@vant/weapp/field/index",
    "industry":"/components/industry/index",
    "city":"/components/city/index"
  }
}