{
    "navigationBarTitleText": "",
    "navigationStyle": "custom",
  "usingComponents": {
    "van-nav-bar": "@vant/weapp/nav-bar/index",
    "report":"/components/report/index",
    "gap": "/components/gap/gap",
    "van-icon": "@vant/weapp/icon/index",
    "van-cell": "@vant/weapp/cell/index",
    "van-cell-group": "@vant/weapp/cell-group/index",
    "van-button":"@vant/weapp/button/index",
    "van-uploader": "@vant/weapp/uploader/index",
    "van-dialog": "@vant/weapp/dialog/index",
    "closed":"/components/closed/index"
  }
}