{
  "navigationBarTitleText": "找活干",
  "navigationBarTextStyle": "white",
  "navigationBarBackgroundColor": "#2684FF",
  "usingComponents": {
    "alertcell":"/components/alertcell/alertcell",
    "loading":"/components/loading/index",
    "metaAlert":"/components/metaAlert/index",
    "van-button": "@vant/weapp/button/index",
    "empty":"/components/empty/index",
    "van-sticky": "@vant/weapp/sticky/index",
    "gap": "/components/gap/gap",
    "floatbtn": "/components/floatbtn/index",
    "btncheckbox":"/components/btncheckbox/btncheckbox",
    "btncheckboxmany":"/components/btncheckboxmany/btncheckboxmany",
    "itemcommon": "/components/itemcommon/itemcommon",
    "searchinput":"/components/searchinput/searchinput",
    "van-dropdown-menu": "@vant/weapp/dropdown-menu/index",
    "van-dropdown-item": "@vant/weapp/dropdown-item/index",
    "van-tree-select": "@vant/weapp/tree-select/index"
  }
}