{
  "navigationBarBackgroundColor": "#fff",
  "navigationBarTextStyle": "black",
  "navigationBarTitleText": "天天抽奖",
  "onReachBottomDistance":50,
  "usingComponents": {
    "van-image":"@vant/weapp/image/index",
    "van-tab": "@vant/weapp/tab/index",
    "van-tabs": "@vant/weapp/tabs/index",
    "van-dialog": "@vant/weapp/dialog/index",
    "empty":"/components/empty/index",
    "gap":"/components/gap/gap",
    "loading":"/components/loading/index",
    "van-icon": "@vant/weapp/icon/index",
   
    "van-button":"@vant/weapp/button/index"
  }
}